{
    "name": "root",
    "gauges": {
        "PlatformRotate.Policy.Entropy.mean": {
            "value": 1.4869706630706787,
            "min": 1.4189382791519165,
            "max": 1.4869706630706787,
            "count": 27
        },
        "PlatformRotate.Policy.Entropy.sum": {
            "value": 14573.7998046875,
            "min": 13794.3046875,
            "max": 15406.169921875,
            "count": 27
        },
        "PlatformRotate.Step.mean": {
            "value": 269814.0,
            "min": 9926.0,
            "max": 269814.0,
            "count": 27
        },
        "PlatformRotate.Step.sum": {
            "value": 269814.0,
            "min": 9926.0,
            "max": 269814.0,
            "count": 27
        },
        "PlatformRotate.Policy.ExtrinsicValueEstimate.mean": {
            "value": 1.1960231065750122,
            "min": 0.06468957662582397,
            "max": 28.334400177001953,
            "count": 27
        },
        "PlatformRotate.Policy.ExtrinsicValueEstimate.sum": {
            "value": 49.03694534301758,
            "min": 3.6226162910461426,
            "max": 1416.719970703125,
            "count": 27
        },
        "PlatformRotate.Environment.EpisodeLength.mean": {
            "value": 1199.25,
            "min": 131.91954022988506,
            "max": 1305.25,
            "count": 27
        },
        "PlatformRotate.Environment.EpisodeLength.sum": {
            "value": 9594.0,
            "min": 7599.0,
            "max": 11605.0,
            "count": 27
        },
        "PlatformRotate.Environment.CumulativeReward.mean": {
            "value": -0.5,
            "min": -0.9127906976744186,
            "max": 0.16666666666666666,
            "count": 27
        },
        "PlatformRotate.Environment.CumulativeReward.sum": {
            "value": -4.0,
            "min": -78.5,
            "max": 1.5,
            "count": 27
        },
        "PlatformRotate.Policy.ExtrinsicReward.mean": {
            "value": -0.5,
            "min": -0.9127906976744186,
            "max": 0.16666666666666666,
            "count": 27
        },
        "PlatformRotate.Policy.ExtrinsicReward.sum": {
            "value": -4.0,
            "min": -78.5,
            "max": 1.5,
            "count": 27
        },
        "PlatformRotate.IsTraining.mean": {
            "value": 1.0,
            "min": 1.0,
            "max": 1.0,
            "count": 27
        },
        "PlatformRotate.IsTraining.sum": {
            "value": 1.0,
            "min": 1.0,
            "max": 1.0,
            "count": 27
        },
        "PlatformRotate.Losses.PolicyLoss.mean": {
            "value": 0.06123321298509836,
            "min": 0.01151954365001681,
            "max": 0.07599457466664414,
            "count": 26
        },
        "PlatformRotate.Losses.PolicyLoss.sum": {
            "value": 0.06123321298509836,
            "min": 0.01151954365001681,
            "max": 0.07599457466664414,
            "count": 26
        },
        "PlatformRotate.Losses.ValueLoss.mean": {
            "value": 0.039086839913701016,
            "min": 0.009277138129497568,
            "max": 450.349427541097,
            "count": 26
        },
        "PlatformRotate.Losses.ValueLoss.sum": {
            "value": 0.039086839913701016,
            "min": 0.009277138129497568,
            "max": 450.349427541097,
            "count": 26
        },
        "PlatformRotate.Policy.LearningRate.mean": {
            "value": 0.00029192862269046007,
            "min": 0.00029192862269046007,
            "max": 0.00029968686010438,
            "count": 26
        },
        "PlatformRotate.Policy.LearningRate.sum": {
            "value": 0.00029192862269046007,
            "min": 0.00029192862269046007,
            "max": 0.00029968686010438,
            "count": 26
        },
        "PlatformRotate.Policy.Epsilon.mean": {
            "value": 0.19730954,
            "min": 0.19730954,
            "max": 0.19989562000000008,
            "count": 26
        },
        "PlatformRotate.Policy.Epsilon.sum": {
            "value": 0.19730954,
            "min": 0.19730954,
            "max": 0.19989562000000008,
            "count": 26
        },
        "PlatformRotate.Policy.Beta.mean": {
            "value": 0.004865746046000002,
            "min": 0.004865746046000002,
            "max": 0.004994791437999999,
            "count": 26
        },
        "PlatformRotate.Policy.Beta.sum": {
            "value": 0.004865746046000002,
            "min": 0.004865746046000002,
            "max": 0.004994791437999999,
            "count": 26
        }
    },
    "metadata": {
        "timer_format_version": "0.1.0",
        "start_time_seconds": "1676810659",
        "python_version": "3.10.8 (main, Feb 16 2023, 22:01:59) [Clang 14.0.0 (clang-1400.0.29.202)]",
        "command_line_arguments": "/Users/david/.pyenv/versions/3.10.8/bin/mlagents-learn agent_config.yaml --run-id ag06",
        "mlagents_version": "0.30.0",
        "mlagents_envs_version": "0.30.0",
        "communication_protocol_version": "1.5.0",
        "pytorch_version": "1.11.0",
        "numpy_version": "1.21.2",
        "end_time_seconds": "1676811215"
    },
    "total": 555.6950707079959,
    "count": 1,
    "self": 0.0033556660055182874,
    "children": {
        "run_training.setup": {
            "total": 0.010340916996938176,
            "count": 1,
            "self": 0.010340916996938176
        },
        "TrainerController.start_learning": {
            "total": 555.6813741249935,
            "count": 1,
            "self": 0.7732243104110239,
            "children": {
                "TrainerController._reset_env": {
                    "total": 3.781695541998488,
                    "count": 1,
                    "self": 3.781695541998488
                },
                "TrainerController.advance": {
                    "total": 551.0511315645854,
                    "count": 93817,
                    "self": 0.3716251449950505,
                    "children": {
                        "env_step": {
                            "total": 550.6795064195903,
                            "count": 93817,
                            "self": 492.132493240264,
                            "children": {
                                "SubprocessEnvManager._take_step": {
                                    "total": 58.040060136831016,
                                    "count": 93817,
                                    "self": 1.5397875487542478,
                                    "children": {
                                        "TorchPolicy.evaluate": {
                                            "total": 56.50027258807677,
                                            "count": 93384,
                                            "self": 56.50027258807677
                                        }
                                    }
                                },
                                "workers": {
                                    "total": 0.5069530424952973,
                                    "count": 93816,
                                    "self": 0.0,
                                    "children": {
                                        "worker_root": {
                                            "total": 547.6631630823395,
                                            "count": 93816,
                                            "is_parallel": true,
                                            "self": 95.78500760237512,
                                            "children": {
                                                "steps_from_proto": {
                                                    "total": 0.00021287499112077057,
                                                    "count": 1,
                                                    "is_parallel": true,
                                                    "self": 9.012497321236879e-05,