{
    "name": "root",
    "gauges": {
        "PlatformRotate.Policy.Entropy.mean": {
            "value": 1.4260945320129395,
            "min": 1.4196258783340454,
            "max": 1.4347951412200928,
            "count": 54
        },
        "PlatformRotate.Policy.Entropy.sum": {
            "value": 14248.1103515625,
            "min": 10600.193359375,
            "max": 14544.1201171875,
            "count": 54
        },
        "PlatformRotate.Step.mean": {
            "value": 839814.0,
            "min": 309944.0,
            "max": 839814.0,
            "count": 54
        },
        "PlatformRotate.Step.sum": {
            "value": 839814.0,
            "min": 309944.0,
            "max": 839814.0,
            "count": 54
        },
        "PlatformRotate.Policy.ExtrinsicValueEstimate.mean": {
            "value": -0.23672069609165192,
            "min": -0.5934785604476929,
            "max": 0.27540162205696106,
            "count": 54
        },
        "PlatformRotate.Policy.ExtrinsicValueEstimate.sum": {
            "value": -18.464214324951172,
            "min": -43.91741180419922,
            "max": 19.278114318847656,
            "count": 54
        },
        "PlatformRotate.Environment.EpisodeLength.mean": {
            "value": 178.7719298245614,
            "min": 170.07272727272726,
            "max": 392.0,
            "count": 54
        },
        "PlatformRotate.Environment.EpisodeLength.sum": {
            "value": 10190.0,
            "min": 7434.0,
            "max": 10606.0,
            "count": 54
        },
        "PlatformRotate.Environment.CumulativeReward.mean": {
            "value": 2.1794001846033746,
            "min": 0.6387432783973427,
            "max": 2.5270583116604635,
            "count": 54
        },
        "PlatformRotate.Environment.CumulativeReward.sum": {
            "value": 122.04641033778898,
            "min": 24.910987857496366,
            "max": 131.15434678539168,
            "count": 54
        },
        "PlatformRotate.Policy.ExtrinsicReward.mean": {
            "value": 2.1794001846033746,
            "min": 0.6387432783973427,
            "max": 2.5270583116604635,
            "count": 54
        },
        "PlatformRotate.Policy.ExtrinsicReward.sum": {
            "value": 122.04641033778898,
            "min": 24.910987857496366,
            "max": 131.15434678539168,
            "count": 54
        },
        "PlatformRotate.IsTraining.mean": {
            "value": 1.0,
            "min": 1.0,
            "max": 1.0,
            "count": 54
        },
        "PlatformRotate.IsTraining.sum": {
            "value": 1.0,
            "min": 1.0,
            "max": 1.0,
            "count": 54
        },
        "PlatformRotate.Losses.PolicyLoss.mean": {
            "value": 0.022897053134511226,
            "min": 0.016128750384086742,
            "max": 0.03220740588537107,
            "count": 51
        },
        "PlatformRotate.Losses.PolicyLoss.sum": {
            "value": 0.022897053134511226,
            "min": 0.016128750384086742,
            "max": 0.03220740588537107,
            "count": 51
        },
        "PlatformRotate.Losses.ValueLoss.mean": {
            "value": 0.3184838265180588,
            "min": 0.22897004336118698,
            "max": 0.3784745921691259,
            "count": 51
        },
        "PlatformRotate.Losses.ValueLoss.sum": {
            "value": 0.3184838265180588,
            "min": 0.22897004336118698,
            "max": 0.3784745921691259,
            "count": 51
        },
        "PlatformRotate.Policy.LearningRate.mean": {
            "value": 0.0002750535983154699,
            "min": 0.0002750535983154699,
            "max": 0.00029060838313054,
            "count": 51
        },
        "PlatformRotate.Policy.LearningRate.sum": {
            "value": 0.0002750535983154699,
            "min": 0.0002750535983154699,
            "max": 0.00029060838313054,
            "count": 51
        },
        "PlatformRotate.Policy.Epsilon.mean": {
            "value": 0.19168452999999996,
            "min": 0.19168452999999996,
            "max": 0.19686946000000002,
            "count": 51
        },
        "PlatformRotate.Policy.Epsilon.sum": {
            "value": 0.19168452999999996,
            "min": 0.19168452999999996,
            "max": 0.19686946000000002,
            "count": 51
        },
        "PlatformRotate.Policy.Beta.mean": {
            "value": 0.004585058047,
            "min": 0.004585058047,
            "max": 0.004843786053999998,
            "count": 51
        },
        "PlatformRotate.Policy.Beta.sum": {
            "value": 0.004585058047,
            "min": 0.004585058047,
            "max": 0.004843786053999998,
            "count": 51
        }
    },
    "metadata": {
        "timer_format_version": "0.1.0",
        "start_time_seconds": "1677196334",
        "python_version": "3.10.8 (main, Feb 16 2023, 22:01:59) [Clang 14.0.0 (clang-1400.0.29.202)]",
        "command_line_arguments": "/Users/david/.pyenv/versions/3.10.8/bin/mlagents-learn agent_config.yaml --run-id ag14 --resume",
        "mlagents_version": "0.30.0",
        "mlagents_envs_version": "0.30.0",
        "communication_protocol_version": "1.5.0",
        "pytorch_version": "1.11.0",
        "numpy_version": "1.21.2",
        "end_time_seconds": "1677202721"
    },
    "total": 6386.964623915992,
    "count": 1,
    "self": 0.008424291998380795,
    "children": {
        "run_training.setup": {
            "total": 0.009883291000733152,
            "count": 1,
            "self": 0.009883291000733152
        },
        "TrainerController.start_learning": {
            "total": 6386.946316332993,
            "count": 1,
            "self": 5.279223039338831,
            "children": {
                "TrainerController._reset_env": {
                    "total": 3.4580757500079926,
                    "count": 1,
                    "self": 3.4580757500079926
                },
                "TrainerController.advance": {
                    "total": 6378.12508675264,
                    "count": 542201,
                    "self": 2.5810349359817337,
                    "children": {
                        "env_step": {
                            "total": 6375.544051816658,
                            "count": 542201,
                            "self": 6080.298034643027,
                            "children": {
                                "SubprocessEnvManager._take_step": {
                                    "total": 291.76528247405076,
                                    "count": 542201,
                                    "self": 10.184291501354892,
                                    "children": {
                                        "TorchPolicy.evaluate": {
                                            "total": 281.5809909726959,
                                            "count": 540250,
                                            "self": 281.5809909726959
                                        }
                                    }
                                },
                                "workers": {
                                    "total": 3.4807346995803528,
                                    "count": 542200,
                                    "self": 0.0,
                                    "children": {
                                        "worker_root": {
                                            "total": 6358.419315322768,
                                            "count": 542200,
                                            "is_parallel": true,
                                            "self": 520.8570045656525,
                                            "children": {
                                                "steps_from_proto": {
                                                    "total": 0.0006772499764338136,
                                                    "count": 1,