{
    "name": "root",
    "gauges": {
        "PlatformRotate.Policy.Entropy.mean": {
            "value": 1.5323179960250854,
            "min": 1.418938398361206,
            "max": 1.5323179960250854,
            "count": 114
        },
        "PlatformRotate.Policy.Entropy.sum": {
            "value": 15514.7197265625,
            "min": 13896.203125,
            "max": 15514.7197265625,
            "count": 114
        },
        "PlatformRotate.Step.mean": {
            "value": 1139993.0,
            "min": 9983.0,
            "max": 1139993.0,
            "count": 114
        },
        "PlatformRotate.Step.sum": {
            "value": 1139993.0,
            "min": 9983.0,
            "max": 1139993.0,
            "count": 114
        },
        "PlatformRotate.Policy.ExtrinsicValueEstimate.mean": {
            "value": 0.37248149514198303,
            "min": -0.09596147388219833,
            "max": 2.3672935962677,
            "count": 114
        },
        "PlatformRotate.Policy.ExtrinsicValueEstimate.sum": {
            "value": 62.57688903808594,
            "min": -14.969989776611328,
            "max": 369.29779052734375,
            "count": 114
        },
        "PlatformRotate.Environment.EpisodeLength.mean": {
            "value": 953.4,
            "min": 265.75,
            "max": 1687.8333333333333,
            "count": 114
        },
        "PlatformRotate.Environment.EpisodeLength.sum": {
            "value": 19068.0,
            "min": 999.0,
            "max": 21419.0,
            "count": 114
        },
        "PlatformRotate.Environment.CumulativeReward.mean": {
            "value": 3.6561918384493763,
            "min": 0.006733766145771369,
            "max": 4.506858285429189,
            "count": 114
        },
        "PlatformRotate.Environment.CumulativeReward.sum": {
            "value": 73.12383676898753,
            "min": 0.006733766145771369,
            "max": 73.12383676898753,
            "count": 114
        },
        "PlatformRotate.Policy.ExtrinsicReward.mean": {
            "value": 3.6561918384493763,
            "min": 0.006733766145771369,
            "max": 4.506858285429189,
            "count": 114
        },
        "PlatformRotate.Policy.ExtrinsicReward.sum": {
            "value": 73.12383676898753,
            "min": 0.006733766145771369,
            "max": 73.12383676898753,
            "count": 114
        },
        "PlatformRotate.IsTraining.mean": {
            "value": 1.0,
            "min": 1.0,
            "max": 1.0,
            "count": 114
        },
        "PlatformRotate.IsTraining.sum": {
            "value": 1.0,
            "min": 1.0,
            "max": 1.0,
            "count": 114
        },
        "PlatformRotate.Losses.PolicyLoss.mean": {
            "value": 0.019153696886011554,
            "min": 0.015902637507921705,
            "max": 0.04571121819899417,
            "count": 110
        },
        "PlatformRotate.Losses.PolicyLoss.sum": {
            "value": 0.019153696886011554,
            "min": 0.015902637507921705,
            "max": 0.04571121819899417,
            "count": 110
        },
        "PlatformRotate.Losses.ValueLoss.mean": {
            "value": 0.00885308082215488,
            "min": 0.0014794852555496617,
            "max": 0.17088238919774693,
            "count": 110
        },
        "PlatformRotate.Losses.ValueLoss.sum": {
            "value": 0.00885308082215488,
            "min": 0.0014794852555496617,
            "max": 0.17088238919774693,
            "count": 110
        },
        "PlatformRotate.Policy.LearningRate.mean": {
            "value": 0.0002660274113241999,
            "min": 0.0002660274113241999,
            "max": 0.00029968899010367005,
            "count": 110
        },
        "PlatformRotate.Policy.LearningRate.sum": {
            "value": 0.0002660274113241999,
            "min": 0.0002660274113241999,
            "max": 0.00029968899010367005,
            "count": 110
        },
        "PlatformRotate.Policy.Epsilon.mean": {
            "value": 0.1886758000000001,
            "min": 0.1886758000000001,
            "max": 0.19989632999999993,
            "count": 110
        },
        "PlatformRotate.Policy.Epsilon.sum": {
            "value": 0.1886758000000001,
            "min": 0.1886758000000001,
            "max": 0.19989632999999993,
            "count": 110
        },
        "PlatformRotate.Policy.Beta.mean": {
            "value": 0.004434922419999999,
            "min": 0.004434922419999999,
            "max": 0.004994826867000002,
            "count": 110
        },
        "PlatformRotate.Policy.Beta.sum": {
            "value": 0.004434922419999999,
            "min": 0.004434922419999999,
            "max": 0.004994826867000002,
            "count": 110
        }
    },
    "metadata": {
        "timer_format_version": "0.1.0",
        "start_time_seconds": "1677216778",
        "python_version": "3.10.8 (main, Feb 16 2023, 22:01:59) [Clang 14.0.0 (clang-1400.0.29.202)]",
        "command_line_arguments": "/Users/david/.pyenv/versions/3.10.8/bin/mlagents-learn agent_config.yaml --run-id ag24",
        "mlagents_version": "0.30.0",
        "mlagents_envs_version": "0.30.0",
        "communication_protocol_version": "1.5.0",
        "pytorch_version": "1.11.0",
        "numpy_version": "1.21.2",
        "end_time_seconds": "1677218131"
    },
    "total": 1352.443616124976,
    "count": 1,
    "self": 0.0025522919604554772,
    "children": {
        "run_training.setup": {
            "total": 0.008787958009634167,
            "count": 1,
            "self": 0.008787958009634167
        },
        "TrainerController.start_learning": {
            "total": 1352.4322758750059,
            "count": 1,
            "self": 1.086328808334656,
            "children": {
                "TrainerController._reset_env": {
                    "total": 5.623261958011426,
                    "count": 1,
                    "self": 5.623261958011426
                },
                "TrainerController.advance": {
                    "total": 1345.6856737746857,
                    "count": 128113,
                    "self": 0.5563835572102107,
                    "children": {
                        "env_step": {
                            "total": 1345.1292902174755,
                            "count": 128113,
                            "self": 1195.6989028840326,
                            "children": {
                                "SubprocessEnvManager._take_step": {
                                    "total": 148.75531887600664,
                                    "count": 128114,
                                    "self": 2.3428146154037677,
                                    "children": {
                                        "TorchPolicy.evaluate": {
                                            "total": 146.41250426060287,
                                            "count": 127318,
                                            "self": 146.41250426060287
                                        }
                                    }
                                },
                                "workers": {
                                    "total": 0.6750684574362822,
                                    "count": 128112,
                                    "self": 0.0,
                                    "children": {
                                        "worker_root": {
                                            "total": 1337.5592690150952,
                                            "count": 128112,
                                            "is_parallel": true,
                                            "self": 212.76566674094647,
                                            "children": {
                                                "steps_from_proto": {
                                                    "total": 0.0013620409881696105,